"Node ID","Latency","Node Type","Node"
"2","247","NodeCounterV1","Counter(NUMERIC_INCREMENTING)\nInc: 1\nReset: 0\nInit: 0"
"5","4","NodeInput","Input(controller)"
"6","9","NodeCast","{HWOffsetFix:1, 0, UNSIGNED}"
"10","9","NodeReinterpret","<{HWRawBits:1}>"
"9","9","NodeAnd","&"
"12","9","NodeReinterpret","<{HWOffsetFix:1, 0, UNSIGNED}>"
"13","9","NodeInput","Input(p)"
"158","68","NodePO2FPMult","PO2FPMult_N1"
"14","9","NodeCast","{HWOffsetFix:1, 0, UNSIGNED}"
"18","64","NodeReinterpret","<{HWRawBits:1}>"
"17","64","NodeAnd","&"
"20","64","NodeReinterpret","<{HWOffsetFix:1, 0, UNSIGNED}>"
"21","64","NodeInput","Input(pp)"
"62","69","NodeSub","-"
"22","9","NodeCast","{HWOffsetFix:1, 0, UNSIGNED}"
"26","122","NodeReinterpret","<{HWRawBits:1}>"
"25","122","NodeAnd","&"
"28","122","NodeReinterpret","<{HWOffsetFix:1, 0, UNSIGNED}>"
"29","210","NodeInput","Input(dvv)"
"63","27","NodeMul","*"
"64","14","NodeStreamOffset","stream offset: 1"
"65","16","NodeStreamOffset","stream offset: -1"
"66","15","NodeAdd","+"
"67","27","NodeMul","*"
"68","35","NodeAdd","+"
"69","25","NodeStreamOffset","stream offset: 2"
"70","29","NodeStreamOffset","stream offset: -2"
"71","27","NodeAdd","+"
"72","39","NodeMul","*"
"73","47","NodeAdd","+"
"74","36","NodeStreamOffset","stream offset: 3"
"75","42","NodeStreamOffset","stream offset: -3"
"76","39","NodeAdd","+"
"77","51","NodeMul","*"
"78","59","NodeAdd","+"
"79","47","NodeStreamOffset","stream offset: 4"
"80","55","NodeStreamOffset","stream offset: -4"
"81","51","NodeAdd","+"
"82","63","NodeMul","*"
"83","71","NodeAdd","+"
"84","58","NodeStreamOffset","stream offset: 5"
"85","68","NodeStreamOffset","stream offset: -5"
"86","63","NodeAdd","+"
"87","75","NodeMul","*"
"88","83","NodeAdd","+"
"43","74","NodeInput","Input(py)"
"89","79","NodeStreamOffset","stream offset: -4"
"90","80","NodeStreamOffset","stream offset: -5"
"91","75","NodeAdd","+"
"92","87","NodeMul","*"
"93","95","NodeAdd","+"
"94","90","NodeStreamOffset","stream offset: -3"
"95","93","NodeStreamOffset","stream offset: -6"
"96","87","NodeAdd","+"
"97","99","NodeMul","*"
"98","107","NodeAdd","+"
"99","101","NodeStreamOffset","stream offset: -2"
"100","106","NodeStreamOffset","stream offset: -7"
"101","99","NodeAdd","+"
"102","111","NodeMul","*"
"103","119","NodeAdd","+"
"104","112","NodeStreamOffset","stream offset: -1"
"105","119","NodeStreamOffset","stream offset: -8"
"106","111","NodeAdd","+"
"107","123","NodeMul","*"
"108","131","NodeAdd","+"
"109","119","NodeStreamOffset","stream offset: -9"
"110","110","NodeAdd","+"
"111","122","NodeMul","*"
"112","143","NodeAdd","+"
"40","134","NodeInput","Input(px)"
"113","139","NodeStreamOffset","stream offset: -4"
"114","140","NodeStreamOffset","stream offset: -5"
"115","135","NodeAdd","+"
"116","147","NodeMul","*"
"117","155","NodeAdd","+"
"118","150","NodeStreamOffset","stream offset: -3"
"119","153","NodeStreamOffset","stream offset: -6"
"120","147","NodeAdd","+"
"121","159","NodeMul","*"
"122","167","NodeAdd","+"
"123","161","NodeStreamOffset","stream offset: -2"
"124","166","NodeStreamOffset","stream offset: -7"
"125","159","NodeAdd","+"
"126","171","NodeMul","*"
"127","179","NodeAdd","+"
"128","172","NodeStreamOffset","stream offset: -1"
"129","179","NodeStreamOffset","stream offset: -8"
"130","171","NodeAdd","+"
"131","183","NodeMul","*"
"132","191","NodeAdd","+"
"133","179","NodeStreamOffset","stream offset: -9"
"134","170","NodeAdd","+"
"135","182","NodeMul","*"
"136","203","NodeAdd","+"
"137","215","NodeMul","*"
"138","223","NodeAdd","+"
"30","9","NodeCast","{HWOffsetFix:1, 0, UNSIGNED}"
"34","122","NodeReinterpret","<{HWRawBits:1}>"
"33","122","NodeAnd","&"
"36","230","NodeReinterpret","<{HWOffsetFix:1, 0, UNSIGNED}>"
"37","230","NodeInput","Input(source_container)"
"139","235","NodeAdd","+"
"141","247","NodePrintf","NodePrintf"
"142","9","NodeCast","{HWOffsetFix:1, 0, UNSIGNED}"
"146","122","NodeReinterpret","<{HWRawBits:1}>"
"145","122","NodeAnd","&"
"148","122","NodeReinterpret","<{HWOffsetFix:1, 0, UNSIGNED}>"
"149","247","NodeOutput","Output(ppresult)"
"152","0","NodeCounterV1","Counter(NUMERIC_INCREMENTING)\nInc: 1\nReset: 0\nInit: 0"
"154","4","NodeOutputMappedReg","Scalar output (current_run_cycle_count)"
"157","0","NodeEq","=="
"155","1","NodeFlush","flush on trigger"
